count,aX,aY,aZ,gX,gY,gZ
1,-0.038,1.055,-1.732,-129.761,-27.405,-100.037
2,-0.146,0.945,-1.845,-133.85,-33.936,-140.32
3,-0.255,0.649,-1.932,-141.479,-45.837,-179.016
4,-0.31,0.244,-2.004,-150.208,-61.829,-209.351
5,-0.37,-0.148,-2.029,-157.043,-80.566,-228.333
6,-0.38,-0.501,-1.997,-160.278,-100.647,-237.488
7,-0.416,-0.888,-1.888,-167.419,-121.643,-238.831
8,-0.412,-1.242,-1.721,-176.636,-144.47,-232.727
9,-0.365,-1.551,-1.54,-185.73,-165.527,-217.224
10,-0.349,-1.718,-1.31,-195.862,-178.833,-191.101
11,-0.302,-1.779,-1.198,-193.787,-184.082,-159.424
12,-0.26,-1.643,-1.101,-213.623,-185.547,-122.559
13,-0.247,-1.497,-1.049,-219.36,-187.012,-92.773
14,-0.256,-1.429,-1.006,-217.712,-187.744,-71.472
15,-0.266,-1.454,-0.978,-203.735,-188.477,-56.641
16,-0.282,-1.532,-0.963,-181.763,-189.392,-43.518
17,-0.302,-1.62,-0.945,-153.87,-192.383,-30.029
18,-0.334,-1.68,-0.902,-127.441,-198.364,-15.015
19,-0.367,-1.762,-0.787,-106.323,-208.435,0.183
20,-0.407,-1.862,-0.552,-89.233,-222.534,15.686
21,-0.434,-1.909,-0.252,-71.289,-236.267,32.349
22,-0.448,-1.962,0.007,-40.71,-249.207,48.035
23,-0.421,-1.893,0.264,-48.401,-244.995,68.115
24,-0.388,-1.759,0.404,-54.749,-228.821,87.708
25,-0.342,-1.581,0.423,-59.387,-204.651,104.492
26,-0.313,-1.443,0.323,-65.491,-177.734,117.004
27,-0.286,-1.365,0.182,-67.444,-157.349,125.183
28,-0.269,-1.314,0.01,-65.552,-142.395,132.324
29,-0.268,-1.248,-0.146,-61.096,-136.658,139.709
30,-0.281,-1.189,-0.223,-55.664,-141.235,147.339
31,-0.293,-1.167,-0.171,-49.744,-152.1,153.87
32,-0.312,-1.219,-0.017,-45.044,-164.429,159.119
33,-0.333,-1.259,0.236,-42.297,-180.115,165.466
34,-0.327,-1.237,0.524,-37.537,-189.88,174.316
35,-0.295,-1.171,0.755,-33.997,-184.937,184.387
36,-0.269,-1.046,0.899,-41.26,-165.405,195.618
37,-0.261,-0.891,0.915,-44.006,-136.108,205.261
38,-0.227,-0.734,0.875,-45.471,-107.361,211.975
39,-0.188,-0.6,0.799,-45.227,-81.909,214.722
40,-0.134,-0.506,0.705,-41.321,-60.486,214.233
41,-0.081,-0.462,0.627,-36.072,-44.922,211.548
42,-0.042,-0.424,0.563,-31.128,-33.63,209.229
43,-0.013,-0.397,0.504,-25.696,-23.56,207.52
44,0.012,-0.363,0.457,-20.813,-15.747,206.665
45,0.035,-0.326,0.412,-17.639,-9.399,206.604
46,0.046,-0.308,0.365,-14.343,-4.15,205.75
47,0.042,-0.274,0.33,-9.888,0.183,205.444
48,0.044,-0.185,0.357,-7.507,0.549,206.482
49,0.063,-0.068,0.441,-2.686,-1.099,206.787
50,0.078,0.007,0.548,4.822,-0.732,204.773
51,0.094,0.067,0.653,11.902,4.883,201.172
52,0.12,0.128,0.746,15.381,14.221,197.693
53,0.133,0.156,0.798,15.442,28.687,193.787
54,0.12,0.175,0.815,14.343,46.143,189.392
55,0.109,0.233,0.815,13,63.904,185.852
56,0.104,0.318,0.798,11.597,82.153,182.129
57,0.101,0.414,0.756,8.118,100.403,177.612
58,0.106,0.482,0.689,4.822,119.385,171.387
59,0.108,0.477,0.6,2.808,137.756,162.842
60,0.111,0.412,0.513,5.981,154.48,154.663
61,0.098,0.342,0.426,11.658,168.945,148.56
62,0.066,0.308,0.32,17.517,182.739,146.362
63,0.05,0.356,0.23,21.423,193.42,147.278
64,0.041,0.495,0.152,23.376,200.684,149.17
65,0.034,0.676,0.05,18.677,209.595,149.231
66,0.055,0.835,-0.09,13.245,219.849,144.653
67,0.063,0.88,-0.26,9.521,229.004,134.399
68,0.078,0.85,-0.457,7.263,234.009,122.07
69,0.116,0.832,-0.644,7.263,233.887,111.511
70,0.118,0.804,-0.79,8.728,228.882,101.929
71,0.139,0.826,-0.862,13.367,217.346,93.628
72,0.153,0.883,-0.839,18.494,202.515,85.266
73,0.17,0.932,-0.754,20.996,191.406,76.416
74,0.188,0.988,-0.668,21.179,186.584,67.139
75,0.184,1.054,-0.635,21.057,187.561,57.373
76,0.148,1.093,-0.682,18.799,191.772,46.204
77,0.139,1.097,-0.752,13.062,196.289,34.424
78,0.13,1.072,-0.833,6.653,201.233,23.01
79,0.128,1.019,-0.9,-0.671,202.209,12.39
80,0.124,0.916,-1.015,-5.432,204.773,2.197
81,0.12,0.774,-1.148,-7.629,206.36,-5.554
82,0.108,0.653,-1.297,-6.226,205.2,-10.071
83,0.1,0.61,-1.425,-0.854,200.5,-11.047
84,0.081,0.633,-1.5,7.751,189.697,-10.01
85,0.1,0.75,-1.495,17.7,176.392,-8.667
86,0.11,0.917,-1.406,25.879,165.283,-9.277
87,0.123,1.008,-1.272,29.358,157.104,-14.526
88,0.128,1.012,-1.15,30.762,153.992,-22.949
89,0.111,0.978,-1.102,29.663,156.128,-31.982
90,0.094,0.95,-1.152,25.94,161.499,-39.856
91,0.051,0.888,-1.275,19.958,166.504,-47.241
92,0.013,0.855,-1.409,13.306,167.786,-53.406
93,0.004,0.853,-1.525,6.653,165.161,-59.021
94,0.001,0.823,-1.616,-0.427,158.203,-66.223
95,0.009,0.755,-1.709,-6.104,150.208,-74.707
96,0.028,0.634,-1.814,-9.888,141.968,-83.618
97,0.047,0.414,-1.918,-13.611,132.629,-91.614
98,0.067,0.145,-2.026,-15.93,121.826,-96.863
99,0.098,-0.111,-2.15,-15.686,109.863,-97.595
100,0.133,-0.296,-2.258,-14.282,94.482,-93.018
101,0.159,-0.4,-2.313,-12.207,74.707,-84.473
102,0.186,-0.416,-2.263,-11.292,50.659,-73.425
103,0.211,-0.376,-2.087,-11.841,26.001,-62.073
104,0.214,-0.299,-1.834,-14.893,3.784,-52.368
105,0.222,-0.209,-1.542,-19.775,-12.268,-44.434
106,0.212,-0.146,-1.271,-23.682,-19.043,-38.635
107,0.215,-0.107,-1.08,-25.94,-17.761,-34.79
108,0.22,-0.081,-0.982,-24.902,-10.864,-31.86
109,0.219,-0.085,-0.99,-22.461,-2.197,-29.846
110,0.214,-0.129,-1.077,-20.569,5.615,-27.771
111,0.202,-0.18,-1.165,-17.334,9.583,-24.963
112,0.198,-0.201,-1.203,-12.878,8.85,-20.569
113,0.199,-0.186,-1.188,-8.118,5.981,-15.198
114,0.197,-0.144,-1.142,-4.639,2.991,-9.888
115,0.196,-0.077,-1.103,-3.113,0.793,-5.798
116,0.19,-0.048,-1.089,-4.333,-0.122,-3.174
117,0.18,-0.015,-1.075,-7.08,-1.709,-0.488
118,0.18,0.001,-1.055,-10.315,-2.563,2.319
119,0.169,0.038,-1.063,-11.963,-2.747,4.883

1,-0.042,1.244,-1.422,-101.929,27.588,-85.205
2,-0.074,1.26,-1.464,-101.196,23.56,-106.079
3,-0.114,1.22,-1.512,-104.37,19.836,-127.441
4,-0.162,1.121,-1.584,-112.549,15.686,-148.621
5,-0.229,0.968,-1.645,-122.559,9.033,-168.884
6,-0.262,0.745,-1.66,-134.338,-0.793,-187.317
7,-0.291,0.342,-1.655,-145.447,-10.681,-203.735
8,-0.303,-0.189,-1.689,-153.198,-19.775,-214.722
9,-0.253,-0.718,-1.74,-154.846,-28.748,-215.759
10,-0.198,-1.152,-1.806,-153.687,-37.903,-205.933
11,-0.148,-1.44,-1.887,-143.127,-47.668,-187.073
12,-0.107,-1.494,-1.947,-128.113,-59.937,-161.255
13,-0.081,-1.301,-1.934,-124.939,-76.294,-132.385
14,-0.076,-0.984,-1.848,-118.774,-93.14,-109.802
15,-0.092,-0.711,-1.73,-118.958,-108.398,-96.985
16,-0.093,-0.605,-1.627,-122.314,-120.972,-93.506
17,-0.099,-0.687,-1.558,-126.648,-131.165,-94.849
18,-0.111,-0.937,-1.513,-131.287,-140.198,-95.825
19,-0.105,-1.217,-1.468,-132.202,-149.597,-91.553
20,-0.102,-1.415,-1.41,-129.089,-159.363,-80.078
21,-0.104,-1.513,-1.317,-122.925,-168.762,-63.232
22,-0.092,-1.509,-1.201,-114.868,-177.734,-43.579
23,-0.078,-1.434,-1.074,-107.178,-184.57,-23.804
24,-0.073,-1.341,-0.948,-100.098,-189.453,-6.47
25,-0.063,-1.256,-0.827,-92.712,-193.237,7.629
26,-0.058,-1.158,-0.708,-84.9,-195.74,19.897
27,-0.039,-1.018,-0.644,-74.219,-196.045,29.175
28,-0.027,-1.005,-0.532,-70.984,-196.35,35.156
29,-0.022,-1.005,-0.438,-64.575,-196.533,40.894
30,-0.006,-0.995,-0.347,-57.312,-195.801,47.058
31,0.013,-0.974,-0.272,-49.5,-191.528,53.589
32,0.04,-0.973,-0.21,-42.419,-186.707,59.448
33,0.067,-0.982,-0.16,-37.17,-180.176,65.125
34,0.086,-0.99,-0.119,-34.851,-172.729,71.777
35,0.109,-1,-0.087,-33.325,-165.955,79.163
36,0.126,-1.008,-0.078,-31.25,-158.02,87.219
37,0.137,-0.99,-0.074,-31.311,-149.292,96.375
38,0.143,-0.933,-0.075,-31.555,-141.968,106.14
39,0.154,-0.856,-0.069,-29.724,-135.986,115.295
40,0.169,-0.778,-0.057,-26.489,-131.775,122.498
41,0.187,-0.698,-0.036,-22.217,-128.784,128.723
42,0.208,-0.618,0.006,-18.921,-126.343,133.606
43,0.228,-0.554,0.066,-14.099,-123.84,136.78
44,0.243,-0.517,0.124,-9.216,-119.202,138.489
45,0.268,-0.483,0.163,-6.775,-112.488,139.893
46,0.3,-0.44,0.196,-7.324,-104.37,141.296
47,0.314,-0.4,0.224,-9.033,-97.107,142.09
48,0.328,-0.362,0.237,-13.489,-88.379,142.578
49,0.349,-0.335,0.245,-20.203,-79.407,142.456
50,0.375,-0.303,0.251,-25.818,-70.984,142.273
51,0.405,-0.279,0.259,-28.931,-62.805,142.151
52,0.424,-0.266,0.276,-31.006,-55.298,141.541
53,0.441,-0.255,0.301,-30.09,-47.607,140.869
54,0.465,-0.269,0.336,-26.428,-39.307,140.198
55,0.472,-0.303,0.372,-19.104,-29.602,139.526
56,0.459,-0.342,0.396,-11.169,-17.334,140.259
57,0.453,-0.367,0.394,-5.432,-3.479,143.005
58,0.442,-0.343,0.364,-3.662,11.719,148.193
59,0.426,-0.273,0.323,-2.258,26.062,154.297
60,0.4,-0.185,0.281,-1.16,37.476,159.851
61,0.381,-0.073,0.235,-0.732,47.974,164.062
62,0.372,0.049,0.196,-0.061,56.702,166.26
63,0.363,0.153,0.171,1.709,63.538,165.649
64,0.347,0.241,0.158,4.761,69.824,163.086
65,0.338,0.311,0.162,8.179,75.562,158.63
66,0.329,0.354,0.171,12.695,82.214,152.893
67,0.312,0.365,0.174,19.531,89.905,146.606
68,0.289,0.35,0.18,23.071,98.45,141.235
69,0.269,0.34,0.192,26.978,107.3,137.451
70,0.247,0.354,0.197,31.921,116.394,135.498
71,0.219,0.391,0.171,33.752,127.686,135.01
72,0.191,0.445,0.098,29.236,141.663,134.949
73,0.168,0.537,-0.037,20.203,156.433,135.132
74,0.144,0.663,-0.212,10.132,168.152,133.728
75,0.136,0.809,-0.389,1.343,174.683,130.127
76,0.147,0.958,-0.546,-1.221,174.438,122.986
77,0.173,1.061,-0.676,-4.028,169.189,112.549
78,0.198,1.115,-0.782,-6.836,161.499,98.938
79,0.223,1.114,-0.853,-8.362,151.428,83.862
80,0.249,1.058,-0.854,-7.874,138.794,68.787
81,0.276,0.969,-0.777,-5.371,125.916,55.42
82,0.286,0.862,-0.679,-2.319,118.896,44.373
83,0.282,0.758,-0.591,0.671,116.333,36.255
84,0.264,0.668,-0.528,1.282,116.882,31.738
85,0.244,0.641,-0.515,0.61,122.437,30.518
86,0.219,0.671,-0.565,-2.075,131.226,31.25
87,0.205,0.723,-0.652,-5.737,139.038,31.128
88,0.201,0.772,-0.764,-9.827,146.545,29.236
89,0.192,0.812,-0.906,-13.55,154.236,26.001
90,0.185,0.859,-1.016,-15.747,153.809,21.729
91,0.18,0.899,-1.083,-17.212,148.499,16.541
92,0.186,0.923,-1.113,-17.029,141.907,10.193
93,0.193,0.909,-1.111,-14.771,135.498,2.808
94,0.194,0.856,-1.094,-10.62,130.859,-4.456
95,0.187,0.76,-1.089,-5.615,129.089,-10.498
96,0.192,0.669,-1.119,-0.732,129.7,-14.954
97,0.188,0.611,-1.187,2.869,131.836,-16.724
98,0.175,0.609,-1.291,3.967,133.484,-16.479
99,0.16,0.677,-1.38,1.953,129.761,-15.564
100,0.148,0.771,-1.456,-1.709,124.451,-16.357
101,0.135,0.84,-1.5,-7.324,116.821,-20.142
102,0.134,0.858,-1.5,-13,107.178,-26.367
103,0.144,0.872,-1.461,-16.357,97.229,-33.325
104,0.157,0.878,-1.391,-16.174,89.05,-40.71
105,0.162,0.884,-1.311,-14.343,84.045,-48.767
106,0.172,0.846,-1.278,-11.169,82.703,-58.044
107,0.176,0.725,-1.32,-7.874,84.351,-67.749
108,0.174,0.563,-1.396,-6.042,85.632,-75.623
109,0.177,0.411,-1.493,-5.798,85.266,-80.322
110,0.187,0.262,-1.601,-7.08,81.787,-82.092
111,0.198,0.16,-1.674,-9.46,74.28,-80.566
112,0.221,0.107,-1.684,-11.597,63.232,-77.209
113,0.24,0.053,-1.639,-13,52.002,-74.036
114,0.253,0.003,-1.572,-13.733,42.358,-70.801
115,0.259,-0.028,-1.509,-13.428,35.645,-67.078
116,0.262,-0.049,-1.475,-13,30.884,-63.293
117,0.265,-0.059,-1.471,-12.268,27.466,-59.57
118,0.265,-0.088,-1.481,-12.024,23.804,-56.152
119,0.259,-0.15,-1.491,-11.658,18.982,-52.979

1,-0.021,1.392,-1.485,-91.614,55.054,-80.078
2,-0.056,1.42,-1.602,-93.445,47.791,-99.792
3,-0.114,1.403,-1.649,-96.313,36.743,-120.361
4,-0.16,1.347,-1.635,-100.22,24.536,-141.235
5,-0.218,1.236,-1.61,-102.417,14.343,-162.781
6,-0.275,1.045,-1.612,-105.103,6.592,-184.143
7,-0.333,0.781,-1.657,-108.398,0.732,-203.308
8,-0.383,0.503,-1.734,-111.511,-4.578,-218.689
9,-0.398,0.232,-1.832,-110.657,-10.437,-229.675
10,-0.388,-0.167,-1.921,-111.45,-18.372,-236.877
11,-0.363,-0.592,-2.002,-110.657,-28.809,-237.122
12,-0.329,-0.915,-2.053,-106.384,-41.748,-228.027
13,-0.294,-1.11,-2.069,-102.295,-57.312,-210.999
14,-0.237,-1.143,-2.006,-94.543,-74.951,-189.148
15,-0.202,-1.04,-1.91,-88.44,-91.858,-166.931
16,-0.189,-0.944,-1.806,-85.999,-106.079,-149.292
17,-0.167,-0.931,-1.742,-84.412,-117.126,-137.451
18,-0.168,-1.011,-1.677,-85.876,-126.404,-128.967
19,-0.163,-1.107,-1.647,-84.839,-134.033,-119.751
20,-0.156,-1.172,-1.612,-82.214,-143.25,-108.459
21,-0.161,-1.227,-1.531,-76.477,-155.212,-96.497
22,-0.159,-1.285,-1.417,-68.542,-166.077,-84.29
23,-0.141,-1.317,-1.286,-73.303,-175.903,-68.481
24,-0.123,-1.306,-1.137,-71.167,-183.411,-52.185
25,-0.111,-1.256,-1.016,-70.007,-187.439,-35.889
26,-0.098,-1.176,-0.907,-69.824,-189.758,-20.691
27,-0.08,-1.094,-0.815,-68.848,-190.796,-7.874
28,-0.069,-1.037,-0.732,-68.176,-191.284,2.197
29,-0.046,-1.025,-0.664,-66.895,-190.552,10.62
30,-0.034,-1.051,-0.611,-63.904,-189.331,18.005
31,-0.023,-1.062,-0.553,-60.852,-188.232,26.428
32,-0.005,-1.021,-0.489,-57.312,-188.11,36.438
33,0.019,-0.944,-0.408,-54.26,-188.354,46.448
34,0.047,-0.854,-0.315,-52.246,-187.561,54.993
35,0.083,-0.798,-0.217,-50.293,-185.73,61.035
36,0.105,-0.77,-0.117,-47.974,-182.251,65.491
37,0.136,-0.758,-0.033,-44.8,-175.354,69.519
38,0.168,-0.774,0.03,-41.443,-166.321,73.486
39,0.189,-0.788,0.077,-40.161,-155.273,78.735
40,0.212,-0.775,0.109,-39.978,-143.738,85.938
41,0.24,-0.723,0.127,-41.443,-132.141,94.177
42,0.266,-0.627,0.135,-42.48,-121.338,102.173
43,0.291,-0.523,0.133,-43.701,-110.901,108.276
44,0.312,-0.436,0.128,-45.898,-101.135,111.816
45,0.345,-0.383,0.108,-47.791,-91.736,113.037
46,0.378,-0.361,0.088,-48.584,-82.825,112.793
47,0.407,-0.354,0.07,-47.974,-75.134,112.061
48,0.429,-0.359,0.062,-46.936,-68.604,111.267
49,0.45,-0.379,0.066,-44.373,-62.988,111.145
50,0.472,-0.404,0.088,-41.87,-58.533,111.572
51,0.483,-0.42,0.116,-37.781,-53.772,112.915
52,0.488,-0.402,0.152,-33.386,-47.485,115.723
53,0.492,-0.357,0.191,-29.602,-40.161,118.835
54,0.506,-0.308,0.228,-26.062,-31.555,120.972
55,0.52,-0.282,0.254,-23.071,-20.996,122.131
56,0.526,-0.267,0.258,-19.531,-8.728,122.742
57,0.525,-0.259,0.241,-15.991,4.15,123.596
58,0.519,-0.247,0.205,-12.207,17.212,124.878
59,0.511,-0.235,0.15,-8.179,29.602,126.526
60,0.5,-0.213,0.078,-4.028,41.809,128.357
61,0.482,-0.18,0.002,0.61,51.636,130.859
62,0.458,-0.135,-0.068,4.883,58.777,133.423
63,0.447,-0.086,-0.126,10.62,63.11,135.681
64,0.428,-0.029,-0.165,14.526,65.186,137.695
65,0.414,0.04,-0.184,17.09,66.528,139.282
66,0.419,0.123,-0.18,19.958,66.101,139.893
67,0.417,0.191,-0.161,22.217,66.284,139.221
68,0.405,0.251,-0.146,23.254,67.688,137.146
69,0.397,0.29,-0.14,23.193,70.007,134.399
70,0.381,0.312,-0.15,21.973,72.632,131.226
71,0.36,0.337,-0.176,19.165,76.111,128.845
72,0.34,0.363,-0.2,14.587,79.712,126.77
73,0.325,0.394,-0.219,12.451,82.581,124.695
74,0.319,0.413,-0.233,11.536,84.595,122.131
75,0.298,0.425,-0.24,11.536,86.609,119.507
76,0.283,0.445,-0.227,12.573,88.013,117.31
77,0.28,0.492,-0.207,12.695,90.515,115.356
78,0.271,0.553,-0.195,12.329,94.604,113.77
79,0.255,0.628,-0.207,11.047,100.281,111.389
80,0.24,0.698,-0.24,8.728,107.178,107.788
81,0.231,0.74,-0.313,2.808,115.845,103.516
82,0.224,0.811,-0.389,-8.057,124.329,98.999
83,0.21,0.838,-0.481,2.136,128.052,91.125
84,0.205,0.846,-0.583,2.075,132.324,83.618
85,0.207,0.854,-0.67,1.16,133.484,76.416
86,0.211,0.857,-0.738,0.366,132.202,69.519
87,0.214,0.837,-0.793,-0.732,130.432,62.561
88,0.217,0.795,-0.841,-1.038,128.54,55.786
89,0.209,0.74,-0.89,-0.671,126.343,50.171
90,0.204,0.699,-0.932,0.488,123.596,46.387
91,0.208,0.7,-0.953,1.953,119.995,44.373
92,0.214,0.742,-0.936,3.357,115.479,42.725
93,0.219,0.79,-0.893,3.845,112.122,39.917
94,0.225,0.821,-0.861,3.54,111.938,35.645
95,0.215,0.833,-0.873,2.686,114.807,30.334
96,0.198,0.811,-0.93,1.099,118.835,24.719
97,0.181,0.763,-1.035,-1.282,124.573,19.592
98,0.164,0.719,-1.169,-4.761,127.197,15.93
99,0.16,0.712,-1.302,-7.812,122.437,13.916
100,0.173,0.74,-1.363,-10.376,111.877,12.451
101,0.196,0.762,-1.348,-11.169,100.281,9.949
102,0.207,0.771,-1.276,-9.216,90.454,6.165
103,0.216,0.767,-1.187,-5.798,84.229,1.831
104,0.219,0.744,-1.123,-2.991,81.909,-2.441
105,0.21,0.717,-1.106,-0.854,82.52,-5.615
106,0.189,0.703,-1.138,-0.122,84.351,-7.996
107,0.172,0.705,-1.186,0.244,84.656,-10.315
108,0.164,0.723,-1.212,-0.122,82.703,-12.634
109,0.165,0.745,-1.202,-1.221,79.468,-15.32
110,0.174,0.742,-1.191,-1.282,77.209,-19.287
111,0.186,0.713,-1.198,-0.793,77.209,-24.292
112,0.191,0.648,-1.256,-1.038,78.247,-28.992
113,0.19,0.58,-1.339,-1.892,78.796,-32.593
114,0.183,0.527,-1.441,-2.136,78.125,-34.424
115,0.183,0.49,-1.537,-2.808,73.669,-35.461
116,0.185,0.465,-1.578,-4.395,64.758,-36.072
117,0.192,0.448,-1.541,-5.127,53.772,-36.926
118,0.203,0.432,-1.448,-5.371,43.213,-38.086
119,0.225,0.4,-1.337,-4.7,36.316,-40.039

1,-0.08,1.465,-1.161,-119.385,35.645,-78.552
2,-0.114,1.527,-1.169,-119.446,32.898,-98.694
3,-0.173,1.522,-1.194,-121.155,31.677,-121.155
4,-0.24,1.481,-1.219,-123.84,30.945,-144.165
5,-0.293,1.391,-1.258,-127.014,30.823,-167.847
6,-0.365,1.196,-1.333,-129.7,30.884,-191.589
7,-0.419,0.895,-1.437,-132.629,29.968,-214.111
8,-0.439,0.535,-1.597,-132.629,28.259,-231.873
9,-0.473,0.163,-1.764,-133.484,23.682,-243.103
10,-0.458,-0.168,-1.92,-133.728,14.526,-246.765
11,-0.418,-0.49,-2.067,-133.667,1.831,-244.324
12,-0.373,-0.797,-2.182,-134.583,-14.099,-236.023
13,-0.336,-1.039,-2.238,-133.484,-34.058,-221.497
14,-0.307,-1.192,-2.193,-130.92,-57.556,-202.332
15,-0.263,-1.23,-2.058,-125.488,-81.299,-180.054
16,-0.209,-1.148,-1.865,-118.164,-103.088,-157.471
17,-0.177,-1.004,-1.651,-112.244,-120.911,-137.817
18,-0.161,-0.908,-1.505,-108.337,-127.991,-123.779
19,-0.15,-0.92,-1.447,-104.858,-130.005,-114.197
20,-0.136,-0.998,-1.448,-100.159,-131.409,-106.079
21,-0.129,-1.074,-1.469,-93.384,-134.338,-97.046
22,-0.124,-1.099,-1.471,-85.083,-140.503,-85.938
23,-0.116,-1.076,-1.424,-76.843,-149.78,-73.669
24,-0.11,-1.016,-1.333,-70.435,-160.706,-62.012
25,-0.095,-0.96,-1.209,-67.749,-171.204,-52.063
26,-0.086,-0.958,-1.089,-68.237,-179.138,-44.373
27,-0.06,-1.003,-0.972,-70.923,-184.692,-37.231
28,-0.047,-1.056,-0.867,-72.998,-188.11,-28.992
29,-0.036,-1.075,-0.785,-73.975,-189.453,-18.738
30,-0.024,-1.054,-0.713,-72.998,-190.063,-7.568
31,-0.016,-1.008,-0.641,-70.801,-190.063,3.052
32,-0.001,-0.957,-0.569,-67.2,-189.697,13.123
33,0.023,-0.905,-0.496,-62.561,-188.904,21.606
34,0.054,-0.872,-0.41,-57.068,-187.988,28.259
35,0.083,-0.843,-0.32,-48.889,-185.486,33.508
36,0.122,-0.836,-0.239,-42.175,-180.176,38.086
37,0.153,-0.852,-0.18,-37.537,-172.363,42.419
38,0.181,-0.873,-0.137,-31.189,-164.001,47.546
39,0.204,-0.891,-0.111,-27.039,-154.48,53.711
40,0.226,-0.893,-0.102,-30.212,-144.104,61.523
41,0.24,-0.88,-0.097,-33.203,-135.254,70.068
42,0.253,-0.847,-0.097,-35.706,-127.686,78.674
43,0.265,-0.8,-0.1,-38.269,-119.812,86.914
44,0.275,-0.748,-0.112,-39.307,-112.732,94.116
45,0.288,-0.698,-0.123,-39.795,-106.262,100.22
46,0.32,-0.661,-0.139,-39.856,-100.403,105.164
47,0.335,-0.622,-0.142,-38.879,-95.703,109.314
48,0.338,-0.589,-0.128,-37.048,-91.919,113.281
49,0.342,-0.545,-0.104,-34.058,-88.562,117.065
50,0.355,-0.504,-0.068,-29.785,-86.182,119.812
51,0.373,-0.488,-0.02,-25.818,-83.74,121.826
52,0.385,-0.489,0.012,-21.79,-78.186,123.535
53,0.388,-0.49,0.036,-19.592,-71.106,125.61
54,0.394,-0.48,0.06,-18.677,-64.392,128.479
55,0.406,-0.451,0.084,-17.761,-57.922,131.958
56,0.417,-0.411,0.107,-17.883,-51.208,135.864
57,0.422,-0.346,0.129,-18.005,-44.434,139.709
58,0.429,-0.266,0.154,-17.273,-37.659,142.761
59,0.436,-0.19,0.186,-16.968,-30.945,144.409
60,0.452,-0.131,0.205,-15.808,-22.095,144.409
61,0.471,-0.098,0.212,-13.611,-11.841,143.25
62,0.474,-0.099,0.22,-12.817,-2.38,141.541
63,0.474,-0.101,0.21,-12.085,8.24,140.686
64,0.471,-0.09,0.17,-11.475,20.142,140.93
65,0.453,-0.058,0.13,-11.414,30.212,142.151
66,0.437,0.008,0.095,-10.132,37.781,143.494
67,0.42,0.087,0.07,-8.789,43.335,144.226
68,0.406,0.181,0.052,-6.836,47.485,143.433
69,0.395,0.275,0.058,-7.385,50.781,140.991
70,0.38,0.339,0.071,-5.554,53.162,136.475
71,0.381,0.412,0.16,-10.864,55.42,130.92
72,0.384,0.423,0.199,-2.991,60.852,123.352
73,0.379,0.418,0.241,-0.854,70.19,117.004
74,0.372,0.391,0.241,2.808,84.045,111.267
75,0.361,0.354,0.192,5.31,100.525,107.056
76,0.335,0.327,0.093,7.141,117.737,104.614
77,0.311,0.331,-0.034,9.705,132.629,103.76
78,0.288,0.365,-0.169,9.277,143.372,104.187
79,0.262,0.428,-0.311,7.385,151.55,104.736
80,0.246,0.502,-0.447,4.822,156.067,104.736
81,0.257,0.583,-0.579,2.197,156.921,103.027
82,0.253,0.641,-0.681,-1.953,154.236,99.426
83,0.249,0.677,-0.784,-5.371,151.855,94.116
84,0.246,0.697,-0.87,-7.202,148.193,88.135
85,0.235,0.722,-0.931,-7.324,142.517,82.092
86,0.243,0.78,-0.965,-5.493,135.193,76.904
87,0.26,0.859,-0.979,-5.554,128.357,71.472
88,0.276,0.943,-0.97,-5.92,122.07,64.88
89,0.298,1.005,-0.961,-6.531,117.737,55.969
90,0.312,1.001,-0.974,-7.751,115.906,44.861
91,0.308,0.92,-0.998,-9.033,115.051,33.081
92,0.295,0.793,-1.021,-10.01,113.525,22.827
93,0.291,0.665,-1.04,-9.766,111.328,16.174
94,0.299,0.552,-1.049,-8.301,108.826,12.573
95,0.309,0.481,-1.053,-6.836,106.445,12.146
96,0.31,0.469,-1.057,-5.127,104.37,13.977
97,0.309,0.501,-1.065,-3.662,103.027,16.296
98,0.309,0.543,-1.089,-3.784,102.722,17.09
99,0.315,0.583,-1.144,-3.479,103.638,16.602
100,0.315,0.605,-1.212,-3.174,102.6,14.587
101,0.31,0.614,-1.265,-2.625,98.083,11.597
102,0.301,0.622,-1.292,-1.709,92.651,8.423
103,0.302,0.632,-1.297,-0.977,86.67,5.005
104,0.305,0.619,-1.289,-0.427,80.688,1.404
105,0.302,0.584,-1.256,-0.305,75.317,-2.563
106,0.314,0.55,-1.221,-0.061,71.472,-5.371
107,0.319,0.499,-1.205,-0.61,69.519,-7.812
108,0.314,0.44,-1.23,-1.953,68.665,-9.949
109,0.306,0.397,-1.279,-3.54,67.81,-10.681
110,0.303,0.389,-1.323,-4.7,65.308,-10.315
111,0.305,0.402,-1.357,-5.127,61.218,-9.583
112,0.312,0.422,-1.361,-5.615,55.786,-9.644
113,0.325,0.422,-1.334,-4.456,50.415,-10.803
114,0.338,0.404,-1.302,-2.319,46.509,-12.817
115,0.347,0.375,-1.294,-0.488,44.617,-15.076
116,0.349,0.355,-1.32,0.61,43.884,-16.724
117,0.346,0.336,-1.371,0.244,42.664,-17.761
118,0.336,0.3,-1.424,-1.648,39.673,-19.104
119,0.326,0.252,-1.457,-4.211,34.485,-20.02

1,-0.295,1.173,-1.42,-40.588,114.868,-107.727
2,-0.332,1.17,-1.448,-45.898,104.431,-123.718
3,-0.361,1.121,-1.458,-52.612,94.849,-140.442
4,-0.397,0.973,-1.511,-58.594,88.745,-158.02
5,-0.443,0.774,-1.588,-62.439,84.167,-173.462
6,-0.448,0.608,-1.658,-63.11,78.247,-184.021
7,-0.428,0.481,-1.743,-62.561,72.754,-190.674
8,-0.431,0.363,-1.855,-63.232,67.017,-195.19
9,-0.423,0.216,-1.991,-65.735,59.814,-198.669
10,-0.412,0.025,-2.14,-67.444,49.866,-201.05
11,-0.4,-0.189,-2.296,-68.237,36.316,-200.623
12,-0.396,-0.377,-2.407,-67.261,18.188,-196.411
13,-0.388,-0.48,-2.427,-65.674,-3.906,-187.866
14,-0.361,-0.519,-2.351,-63.416,-26.855,-177.246
15,-0.327,-0.542,-2.252,-61.218,-46.326,-167.786
16,-0.302,-0.582,-2.187,-60.303,-61.157,-159.546
17,-0.296,-0.625,-2.167,-60.974,-73.608,-151.855
18,-0.302,-0.664,-2.17,-62.073,-85.938,-144.165
19,-0.299,-0.711,-2.153,-62.927,-99.731,-136.78
20,-0.291,-0.791,-2.088,-62.988,-114.99,-129.822
21,-0.285,-0.89,-1.972,-62.988,-130.798,-122.131
22,-0.273,-0.962,-1.807,-61.096,-147.644,-112.305
23,-0.256,-0.962,-1.607,-57.129,-160.889,-100.464
24,-0.241,-1.011,-1.472,-42.969,-169.067,-89.233
25,-0.193,-1,-1.308,-52.734,-172.913,-74.829
26,-0.135,-1.021,-1.129,-56.335,-175.537,-61.707
27,-0.1,-0.999,-1.026,-54.993,-174.011,-48.523
28,-0.075,-0.973,-0.966,-57.373,-170.959,-35.828
29,-0.066,-0.945,-0.91,-57.922,-168.823,-23.926
30,-0.036,-0.911,-0.848,-56.763,-167.358,-12.634
31,-0.006,-0.862,-0.782,-54.26,-165.466,-2.625
32,0.022,-0.81,-0.723,-51.941,-162.598,6.653
33,0.051,-0.764,-0.673,-49.683,-159.119,14.709
34,0.083,-0.717,-0.632,-47.485,-155.029,21.973
35,0.11,-0.688,-0.603,-46.814,-150.452,28.198
36,0.128,-0.67,-0.587,-46.875,-146.545,33.813
37,0.139,-0.643,-0.572,-46.753,-143.311,39.612
38,0.153,-0.597,-0.545,-45.776,-141.113,45.532
39,0.174,-0.561,-0.512,-45.105,-139.526,50.842
40,0.191,-0.544,-0.47,-44.556,-137.756,55.176
41,0.212,-0.552,-0.43,-42.786,-135.437,58.655
42,0.233,-0.556,-0.382,-40.955,-132.935,62.439
43,0.257,-0.545,-0.328,-38.574,-130.188,66.956
44,0.276,-0.522,-0.276,-35.828,-126.587,71.594
45,0.296,-0.496,-0.23,-34.973,-121.826,76.233
46,0.304,-0.468,-0.192,-35.217,-115.906,80.566
47,0.317,-0.423,-0.162,-35.767,-108.948,84.656
48,0.331,-0.376,-0.134,-36.743,-102.112,88.135
49,0.34,-0.337,-0.114,-37.72,-94.971,90.454
50,0.348,-0.303,-0.106,-37.537,-86.792,91.98
51,0.363,-0.267,-0.102,-36.499,-79.224,93.079
52,0.389,-0.245,-0.095,-35.461,-72.571,93.445
53,0.408,-0.244,-0.085,-34.424,-66.101,93.262
54,0.425,-0.262,-0.067,-33.447,-60.12,93.384
55,0.44,-0.301,-0.041,-32.776,-54.138,94.055
56,0.444,-0.334,-0.018,-31.433,-46.936,96.191
57,0.444,-0.337,-0.007,-28.992,-38.086,99.731
58,0.446,-0.308,-0.008,-26.245,-28.137,104.431
59,0.455,-0.259,-0.025,-22.705,-17.883,109.07
60,0.46,-0.203,-0.063,-18.799,-8.118,112.61
61,0.462,-0.147,-0.113,-15.564,0.793,115.356
62,0.459,-0.095,-0.167,-12.146,8.85,117.188
63,0.457,-0.037,-0.227,-8.362,15.503,118.286
64,0.453,0.029,-0.274,-5.371,19.653,118.835
65,0.448,0.111,-0.303,-2.747,21.484,118.591
66,0.452,0.2,-0.312,-1.709,22.4,117.188
67,0.458,0.262,-0.316,-1.892,23.193,113.831
68,0.47,0.283,-0.307,-1.953,23.926,108.948
69,0.476,0.279,-0.28,-4.333,25.757,104.248
70,0.475,0.26,-0.27,-6.165,28.625,100.037
71,0.471,0.219,-0.277,-6.958,32.593,96.802
72,0.463,0.2,-0.292,-6.958,36.865,95.032
73,0.449,0.214,-0.307,-6.592,40.894,95.215
74,0.43,0.249,-0.316,-5.798,44.556,95.764
75,0.412,0.311,-0.33,-5.188,48.462,96.252
76,0.403,0.398,-0.348,-4.883,52.856,96.13
77,0.408,0.496,-0.38,-5.005,57.495,94.666
78,0.409,0.598,-0.432,-6.897,63.416,91.858
79,0.407,0.685,-0.491,-10.01,67.688,86.853
80,0.405,0.724,-0.54,-13,69.519,79.59
81,0.408,0.707,-0.58,-12.878,70.374,70.679
82,0.412,0.652,-0.606,-10.864,70.679,61.89
83,0.415,0.584,-0.621,-7.874,71.289,54.749
84,0.416,0.533,-0.63,-4.822,72.266,49.927
85,0.422,0.519,-0.64,-1.038,74.036,46.997
86,0.42,0.531,-0.657,1.709,76.477,44.983
87,0.422,0.55,-0.689,3.723,79.773,42.664
88,0.428,0.546,-0.738,5.066,83.252,39.673
89,0.422,0.513,-0.802,4.456,86.243,36.255
90,0.416,0.483,-0.867,3.601,87.28,33.386
91,0.412,0.461,-0.925,3.296,85.999,31.555
92,0.41,0.462,-0.946,3.967,82.214,30.396
93,0.408,0.47,-0.939,4.944,77.454,29.541
94,0.404,0.482,-0.905,7.202,74.036,28.503
95,0.411,0.489,-0.862,9.827,72.571,27.344
96,0.414,0.485,-0.828,11.719,73.059,25.757
97,0.405,0.485,-0.824,12.756,75.195,24.475
98,0.391,0.498,-0.857,12.817,78.43,23.376
99,0.382,0.523,-0.914,12.207,81.055,22.034
100,0.371,0.536,-0.976,10.864,83.069,20.142
101,0.361,0.536,-1.05,7.935,84.229,17.944
102,0.352,0.546,-1.106,3.906,80.75,15.93
103,0.348,0.585,-1.119,2.258,74.524,13.916
104,0.349,0.627,-1.092,1.77,68.542,11.047
105,0.349,0.637,-1.031,2.747,64.331,6.592
106,0.342,0.608,-0.975,4.7,62.927,1.282
107,0.33,0.555,-0.95,6.287,64.453,-3.174
108,0.328,0.496,-0.954,7.751,66.833,-5.615
109,0.323,0.461,-0.991,8.789,69.336,-6.836
110,0.324,0.465,-1.033,9.216,71.228,-7.324
111,0.333,0.485,-1.072,9.644,72.144,-8.118
112,0.348,0.486,-1.125,9.094,73.181,-10.315
113,0.353,0.443,-1.208,8.118,75.073,-13.733
114,0.351,0.368,-1.325,7.446,76.233,-16.907
115,0.347,0.303,-1.458,6.531,74.829,-18.738
116,0.348,0.26,-1.582,4.944,69.763,-18.982
117,0.351,0.235,-1.65,3.54,60.486,-18.494
118,0.358,0.212,-1.651,2.258,48.95,-18.188
119,0.36,0.172,-1.598,1.343,37.537,-17.944

1,-0.286,0.96,-1.399,-143.799,72.815,-163.208
2,-0.336,0.817,-1.433,-149.292,65.247,-182.068
3,-0.397,0.527,-1.496,-157.471,58.167,-201.233
4,-0.435,0.197,-1.56,-164.001,49.805,-215.576
5,-0.443,-0.101,-1.609,-167.664,39.795,-222.778
6,-0.413,-0.39,-1.687,-169.25,28.748,-224.67
7,-0.403,-0.672,-1.717,-173.401,16.663,-221.191
8,-0.346,-0.902,-1.753,-174.316,4.211,-211.365
9,-0.31,-1.044,-1.799,-175.659,-7.385,-195.679
10,-0.293,-1.077,-1.89,-176.27,-17.517,-175.659
11,-0.292,-1.028,-1.999,-176.819,-29.785,-155.945
12,-0.276,-0.979,-2.044,-179.382,-48.584,-140.015
13,-0.261,-0.963,-2.002,-181.396,-70.679,-128.113
14,-0.245,-1.015,-1.927,-180.908,-90.637,-118.164
15,-0.238,-1.094,-1.86,-176.88,-107.422,-108.337
16,-0.237,-1.145,-1.809,-169.495,-122.314,-97.046
17,-0.25,-1.172,-1.755,-161.072,-136.108,-84.839
18,-0.262,-1.172,-1.667,-151.978,-151.489,-71.899
19,-0.255,-1.169,-1.517,-142.395,-167.786,-60.486
20,-0.248,-1.213,-1.345,-133.423,-180.786,-50.781
21,-0.24,-1.316,-1.178,-128.418,-189.148,-40.955
22,-0.217,-1.401,-1.046,-125.854,-193.481,-28.381
23,-0.201,-1.448,-0.96,-123.291,-194.824,-13.123
24,-0.201,-1.439,-0.914,-119.263,-194.58,3.296
25,-0.197,-1.347,-0.869,-115.967,-194.58,20.386
26,-0.187,-1.219,-0.827,-112.061,-195.068,35.706
27,-0.178,-1.097,-0.779,-106.018,-195.74,47.485
28,-0.164,-1.003,-0.73,-97.961,-196.228,55.359
29,-0.135,-0.958,-0.678,-88.318,-196.228,60.242
30,-0.114,-0.956,-0.634,-77.576,-195.374,63.171
31,-0.097,-0.967,-0.588,-66.406,-194.885,66.162
32,-0.077,-0.981,-0.529,-56.824,-194.824,69.763
33,-0.069,-0.998,-0.457,-48.523,-196.045,74.158
34,-0.053,-0.984,-0.35,-40.161,-198.853,79.407
35,-0.023,-0.951,-0.23,-32.471,-200.134,84.595
36,0.007,-0.919,-0.116,-27.588,-197.571,89.294
37,0.034,-0.893,-0.02,-24.841,-191.65,93.262
38,0.071,-0.883,0.043,-23.682,-182.007,96.802
39,0.106,-0.867,0.078,-30.212,-169.495,101.196
40,0.137,-0.825,0.096,-35.461,-157.227,105.652
41,0.168,-0.779,0.094,-37.842,-145.02,109.558
42,0.19,-0.734,0.098,-38.574,-134.094,112.793
43,0.213,-0.685,0.102,-36.743,-125.183,115.417
44,0.23,-0.626,0.116,-34.119,-116.943,117.432
45,0.247,-0.558,0.134,-32.043,-109.68,118.591
46,0.279,-0.493,0.167,-28.809,-103.455,118.53
47,0.32,-0.454,0.208,-26.672,-96.985,117.31
48,0.35,-0.454,0.235,-26.062,-88.379,114.685
49,0.369,-0.458,0.245,-26.733,-78.003,112.549
50,0.393,-0.443,0.242,-28.687,-67.261,111.389
51,0.418,-0.421,0.228,-30.09,-57.19,110.84
52,0.441,-0.402,0.211,-31.006,-48.157,109.863
53,0.453,-0.379,0.197,-31.677,-40.588,108.643
54,0.471,-0.343,0.19,-31.433,-33.386,107.483
55,0.493,-0.312,0.184,-30.212,-26.733,105.774
56,0.514,-0.318,0.166,-29.053,-19.714,102.783
57,0.522,-0.331,0.147,-26.489,-13,99.792
58,0.536,-0.339,0.15,-21.973,-7.935,97.839
59,0.551,-0.354,0.166,-17.273,-3.906,96.558
60,0.561,-0.378,0.201,-11.963,0.061,95.764
61,0.565,-0.388,0.246,-5.432,5.188,95.886
62,0.573,-0.391,0.286,-0.305,12.451,96.985
63,0.576,-0.402,0.301,2.991,22.888,98.389
64,0.575,-0.404,0.288,5.432,34.668,100.342
65,0.571,-0.384,0.248,7.202,46.753,103.516
66,0.561,-0.345,0.199,10.071,57.373,107.3
67,0.556,-0.288,0.151,13.855,65.43,110.962
68,0.551,-0.222,0.101,18.799,72.388,113.831
69,0.544,-0.143,0.066,23.987,77.332,115.601
70,0.536,-0.064,0.046,28.87,80.811,116.272
71,0.535,0.009,0.04,32.776,83.74,116.028
72,0.528,0.071,0.023,34.973,87.769,114.502
73,0.517,0.121,-0.002,36.926,92.651,111.816
74,0.504,0.158,-0.032,36.804,97.046,108.887
75,0.496,0.185,-0.078,36.499,101.807,105.286
76,0.491,0.187,-0.122,35.583,106.079,101.196
77,0.486,0.171,-0.166,34.851,109.375,97.473
78,0.484,0.154,-0.206,35.95,111.755,94.543
79,0.483,0.147,-0.242,37.048,113.586,92.896
80,0.47,0.169,-0.277,37.781,115.479,92.712
81,0.458,0.203,-0.315,38.94,116.882,92.712
82,0.447,0.259,-0.336,39.551,116.821,92.834
83,0.44,0.332,-0.347,39.978,116.455,92.346
84,0.43,0.414,-0.357,39.673,116.76,90.698
85,0.423,0.485,-0.37,37.354,117.676,87.402
86,0.425,0.543,-0.387,34.851,118.774,82.825
87,0.423,0.571,-0.408,32.227,119.995,76.843
88,0.424,0.59,-0.437,30.029,121.765,70.19
89,0.435,0.594,-0.469,28.687,123.596,63.049
90,0.438,0.557,-0.504,27.832,125.488,55.237
91,0.439,0.488,-0.559,27.466,128.723,47.852
92,0.441,0.409,-0.627,27.344,132.263,42.419
93,0.427,0.318,-0.706,28.015,134.277,39.49
94,0.403,0.235,-0.782,29.602,134.888,38.635
95,0.381,0.21,-0.848,31.372,133.057,40.71
96,0.363,0.271,-0.877,33.142,127.991,44.8
97,0.375,0.401,-0.845,32.837,120.605,48.523
98,0.389,0.546,-0.796,29.785,116.028,49.377
99,0.392,0.666,-0.766,25.208,115.295,46.326
100,0.39,0.71,-0.781,19.958,117.493,39.612
101,0.377,0.662,-0.844,14.343,121.704,30.945
102,0.357,0.572,-0.954,9.949,127.808,23.621
103,0.342,0.483,-1.074,7.507,130.127,18.86
104,0.336,0.4,-1.198,7.019,127.808,16.174
105,0.341,0.332,-1.304,8.545,123.23,15.503
106,0.352,0.305,-1.381,11.536,115.54,16.418
107,0.367,0.338,-1.398,14.465,104.98,18.127
108,0.379,0.416,-1.368,16.113,95.276,19.409
109,0.38,0.481,-1.326,14.404,87.952,18.799
110,0.377,0.511,-1.285,12.39,82.336,16.174
111,0.378,0.504,-1.247,10.681,78.003,12.634
112,0.376,0.464,-1.228,9.521,75.562,9.094
113,0.375,0.424,-1.228,9.827,73.975,6.409
114,0.375,0.408,-1.232,11.841,72.266,5.249
115,0.371,0.42,-1.236,14.343,70.679,4.761
116,0.358,0.443,-1.251,15.137,69.275,3.906
117,0.346,0.476,-1.257,14.832,67.078,2.991
118,0.329,0.532,-1.26,12.939,64.209,1.648
119,0.31,0.58,-1.257,10.437,61.218,-0.549

1,-0.383,-0.595,-1.86,-238.159,-63.782,-172.852
2,-0.402,-0.78,-1.758,-237.915,-86.243,-171.631
3,-0.453,-0.747,-1.615,-235.107,-105.713,-167.114
4,-0.414,-0.839,-1.629,-222.168,-122.253,-165.283
5,-0.49,-1.013,-1.516,-231.628,-140.259,-163.635
6,-0.497,-1.187,-1.298,-231.75,-156.433,-157.959
7,-0.503,-1.303,-1.105,-230.103,-168.579,-147.4
8,-0.49,-1.328,-0.938,-224.854,-174.866,-133.362
9,-0.473,-1.286,-0.808,-219.91,-177.795,-118.835
10,-0.459,-1.247,-0.729,-217.102,-177.551,-105.713
11,-0.45,-1.269,-0.686,-213.928,-176.758,-95.764
12,-0.45,-1.358,-0.644,-210.754,-177.551,-87.524
13,-0.436,-1.469,-0.601,-207.397,-179.504,-78.186
14,-0.425,-1.566,-0.567,-203.735,-180.908,-66.223
15,-0.402,-1.648,-0.562,-200.806,-181.091,-52.124
16,-0.387,-1.705,-0.568,-197.449,-181.213,-36.194
17,-0.395,-1.752,-0.602,-193.604,-181.458,-18.982
18,-0.418,-1.766,-0.651,-190.613,-182.556,-0.488
19,-0.446,-1.717,-0.682,-184.509,-185.852,19.348
20,-0.48,-1.604,-0.679,-173.584,-191.345,39.124
21,-0.519,-1.45,-0.627,-157.776,-198.914,56.58
22,-0.542,-1.273,-0.51,-141.052,-206.909,70.618
23,-0.547,-1.137,-0.359,-124.939,-214.6,80.017
24,-0.537,-1.057,-0.139,-106.323,-224.609,84.717
25,-0.51,-1.036,0.124,-86.914,-231.75,86.426
26,-0.457,-1.098,0.372,-67.383,-230.225,86.121
27,-0.392,-1.234,0.571,-58.533,-218.384,86.182
28,-0.332,-1.402,0.695,-63.843,-196.228,89.966
29,-0.305,-1.536,0.695,-70.374,-165.955,99.487
30,-0.286,-1.582,0.582,-75.806,-132.935,114.258
31,-0.274,-1.568,0.399,-85.022,-104.309,131.226
32,-0.274,-1.55,0.189,-88.623,-84.595,148.315
33,-0.281,-1.516,-0.007,-84.717,-74.768,164.734
34,-0.307,-1.431,-0.146,-75.745,-74.28,180.664
35,-0.332,-1.313,-0.236,-64.575,-80.139,194.946
36,-0.358,-1.164,-0.267,-53.833,-90.21,206.665
37,-0.373,-1.001,-0.217,-42.053,-104.065,215.332
38,-0.361,-0.849,-0.101,-30.884,-117.92,220.642
39,-0.336,-0.754,0.059,-25.879,-131.042,222.046
40,-0.311,-0.721,0.266,-28.687,-141.785,220.52
41,-0.281,-0.691,0.464,-33.691,-141.785,218.75
42,-0.243,-0.648,0.611,-36.682,-134.46,217.224
43,-0.2,-0.589,0.725,-40.833,-121.704,215.82
44,-0.154,-0.504,0.796,-47.119,-103.821,214.111
45,-0.109,-0.406,0.818,-50.842,-82.886,212.097
46,-0.051,-0.314,0.807,-52.856,-61.768,208.435
47,0.024,-0.253,0.78,-56.03,-42.175,203.308
48,0.104,-0.249,0.709,-58.777,-22.4,196.533
49,0.159,-0.302,0.589,-61.279,-2.991,189.087
50,0.185,-0.387,0.451,-61.951,12.329,183.044
51,0.193,-0.445,0.339,-60.303,19.958,180.176
52,0.191,-0.424,0.262,-56.763,22.705,180.847
53,0.197,-0.31,0.238,-49.072,20.325,183.472
54,0.208,-0.15,0.269,-41.138,15.015,184.875
55,0.234,0.001,0.332,-34.119,10.742,182.983
56,0.284,0.079,0.4,-22.949,9.399,176.819
57,0.333,0.093,0.474,-14.16,9.949,168.579
58,0.366,0.081,0.536,-10.62,14.526,160.339
59,0.388,0.078,0.592,-9.888,22.095,153.381
60,0.412,0.074,0.624,-9.155,31.799,147.705
61,0.422,0.028,0.625,-10.01,44.25,142.395
62,0.424,-0.035,0.597,-11.169,58.35,138
63,0.421,-0.068,0.534,-9.583,72.083,135.559
64,0.407,-0.073,0.448,-7.568,85.144,134.583
65,0.404,-0.068,0.354,-4.517,95.215,134.705
66,0.402,-0.046,0.286,-1.038,100.708,134.644
67,0.402,-0.004,0.248,1.526,102.6,135.01
68,0.399,0.061,0.237,1.404,103.149,135.376
69,0.389,0.14,0.248,0.916,104.126,135.559
70,0.385,0.229,0.278,0.183,105.896,134.583
71,0.385,0.317,0.313,-1.404,109.314,132.629
72,0.397,0.384,0.346,-3.113,115.234,129.028
73,0.412,0.429,0.352,-4.761,124.634,123.779
74,0.42,0.454,0.332,-5.737,137.329,118.286
75,0.432,0.461,0.273,-7.324,151.062,112.488
76,0.434,0.454,0.173,-9.155,166.382,106.812
77,0.442,0.439,0.036,-10.071,180.542,101.318
78,0.44,0.421,-0.11,-9.888,191.467,96.375
79,0.436,0.431,-0.25,-9.338,197.327,92.285
80,0.427,0.452,-0.358,-11.108,197.388,88.745
81,0.425,0.479,-0.434,-10.742,194.763,84.839
82,0.437,0.516,-0.468,-6.47,189.758,80.383
83,0.459,0.564,-0.471,-2.869,183.533,75.745
84,0.468,0.632,-0.462,-0.793,179.626,70.679
85,0.471,0.7,-0.455,0.671,177.979,64.27
86,0.452,0.746,-0.444,-0.793,178.528,56.152
87,0.443,0.77,-0.419,-2.808,180.42,46.692
88,0.431,0.743,-0.438,-4.456,185.059,36.255
89,0.419,0.639,-0.494,-7.812,192.688,26.001
90,0.395,0.521,-0.592,-9.033,201.782,18.188
91,0.394,0.429,-0.681,-5.188,205.444,14.099
92,0.403,0.377,-0.763,0.244,205.505,13.428
93,0.395,0.389,-0.85,3.174,206.116,15.381
94,0.388,0.474,-0.935,4.822,205.505,17.822
95,0.367,0.578,-1.021,4.517,203.796,18.005
96,0.343,0.649,-1.102,3.967,200.012,14.282
97,0.333,0.646,-1.192,2.869,194.885,7.385
98,0.327,0.606,-1.263,5.31,187.622,-0.061
99,0.326,0.578,-1.285,9.338,176.453,-5.371
100,0.331,0.572,-1.288,14.587,165.161,-8.911
101,0.338,0.595,-1.24,15.503,155.579,-11.78
102,0.365,0.682,-1.177,14.282,147.705,-14.343
103,0.381,0.757,-1.169,10.742,143.982,-19.226
104,0.375,0.761,-1.228,4.822,143.555,-27.466
105,0.347,0.718,-1.331,-0.549,145.02,-37.231
106,0.314,0.653,-1.446,-3.784,142.761,-46.204
107,0.306,0.56,-1.513,-5.676,131.348,-53.894
108,0.314,0.441,-1.53,-5.188,119.934,-60.059
109,0.324,0.337,-1.481,-2.319,108.337,-63.11
110,0.348,0.296,-1.393,2.136,97.717,-63.049
111,0.363,0.3,-1.296,5.798,90.942,-62.134
112,0.374,0.307,-1.235,6.653,88.196,-62.195
113,0.375,0.267,-1.233,4.883,88.379,-64.026
114,0.364,0.176,-1.3,2.197,90.027,-65.918
115,0.36,0.063,-1.416,-1.648,90.027,-66.528
116,0.357,-0.016,-1.541,-5.615,87.341,-64.941
117,0.37,-0.041,-1.649,-7.996,80.627,-61.401
118,0.378,-0.058,-1.714,-8.972,69.763,-57.373
119,0.385,-0.083,-1.719,-9.827,56.152,-54.016

1,-0.274,-0.753,-2,-204.895,-26.184,-221.069
2,-0.266,-1.025,-2.031,-212.524,-48.096,-213.867
3,-0.26,-1.231,-1.987,-221.741,-72.571,-200.5
4,-0.25,-1.373,-1.849,-232.422,-98.572,-182.983
5,-0.229,-1.424,-1.685,-243.103,-123.413,-162.781
6,-0.196,-1.413,-1.531,-257.08,-142.09,-141.968
7,-0.195,-1.385,-1.443,-272.583,-154.236,-122.62
8,-0.21,-1.332,-1.419,-288.269,-164.49,-104.431
9,-0.231,-1.261,-1.428,-301.392,-175.415,-87.891
10,-0.264,-1.204,-1.411,-307.556,-189.331,-74.219
11,-0.277,-1.156,-1.34,-304.81,-205.933,-62.622
12,-0.312,-1.137,-1.202,-296.448,-223.816,-52.368
13,-0.337,-1.146,-1.024,-281.616,-240.417,-43.274
14,-0.358,-1.197,-0.838,-259.583,-253.174,-34.729
15,-0.399,-1.293,-0.612,-232.605,-263.672,-26.978
16,-0.418,-1.397,-0.331,-200.623,-274.17,-18.494
17,-0.399,-1.525,0,-157.959,-287.415,-10.193
18,-0.362,-1.66,0.383,-122.314,-290.955,-1.709
19,-0.33,-1.824,0.705,-97.351,-281.067,10.498
20,-0.286,-1.931,1.016,-83.252,-262.512,27.161
21,-0.23,-1.972,1.24,-77.759,-230.896,47.668
22,-0.174,-1.919,1.339,-77.515,-186.218,71.472
23,-0.113,-1.768,1.254,-77.454,-132.751,95.642
24,-0.073,-1.586,1.002,-76.782,-79.102,116.577
25,-0.051,-1.401,0.654,-76.721,-35.278,133.24
26,-0.024,-1.225,0.288,-75.439,-7.385,145.447
27,-0.005,-1.077,-0.047,-74.341,4.883,153.625
28,0.013,-0.98,-0.326,-71.045,3.296,158.508
29,0.038,-0.931,-0.518,-64.209,-9.033,160.95
30,0.046,-0.926,-0.624,-53.467,-28.442,162.109
31,0.046,-0.927,-0.62,-40.588,-53.894,163.757
32,0.041,-0.925,-0.511,-26.123,-79.224,166.199
33,0.025,-0.912,-0.351,-10.132,-100.586,169.495
34,0.023,-0.912,-0.151,-0.854,-120.667,173.035
35,0.011,-0.935,0.045,1.343,-133.728,176.941
36,-0.01,-0.933,0.192,3.418,-136.23,182.617
37,-0.032,-0.885,0.32,0.732,-135.376,189.758
38,-0.027,-0.775,0.412,-1.77,-131.836,197.021
39,-0.01,-0.632,0.478,-8.118,-125,202.82
40,0.01,-0.471,0.551,-20.874,-116.699,206.177
41,0.056,-0.336,0.592,-26.062,-106.262,205.322
42,0.111,-0.211,0.649,-28.503,-95.703,200.989
43,0.163,-0.113,0.697,-28.381,-83.74,193.97
44,0.221,-0.06,0.714,-28.992,-68.726,184.998
45,0.275,-0.06,0.701,-30.396,-52.185,174.377
46,0.309,-0.085,0.654,-30.396,-35.583,164.612
47,0.345,-0.121,0.603,-30.396,-20.874,156.555
48,0.377,-0.182,0.551,-29.175,-9.399,149.963
49,0.401,-0.26,0.502,-26.123,0.427,145.325
50,0.411,-0.335,0.456,-22.583,9.155,143.066
51,0.412,-0.369,0.415,-18.005,16.174,143.433
52,0.42,-0.356,0.39,-12.207,21.79,146.179
53,0.427,-0.314,0.382,-7.69,26.001,149.78
54,0.425,-0.265,0.374,-2.93,30.823,152.954
55,0.426,-0.201,0.367,2.441,35.278,155.212
56,0.414,-0.116,0.381,6.287,38.33,157.288
57,0.414,-0.025,0.409,10.254,41.077,158.081
58,0.409,0.093,0.456,12.939,43.518,158.081
59,0.415,0.223,0.521,13.977,46.082,156.433
60,0.424,0.34,0.591,15.076,52.429,152.466
61,0.439,0.418,0.644,15.991,62.073,145.813
62,0.45,0.463,0.675,14.771,75.378,137.024
63,0.458,0.462,0.657,13.245,92.346,127.258
64,0.452,0.433,0.582,11.658,111.511,117.981
65,0.436,0.401,0.479,11.963,129.944,109.619
66,0.43,0.382,0.367,17.212,144.653,102.966
67,0.438,0.385,0.259,20.264,155.884,98.022
68,0.454,0.402,0.135,21.851,166.382,93.933
69,0.463,0.407,-0.016,21.79,175.598,89.783
70,0.479,0.391,-0.186,20.996,181.946,85.022
71,0.497,0.363,-0.336,19.714,182.617,79.834
72,0.505,0.342,-0.432,19.47,175.293,75.378
73,0.52,0.34,-0.46,19.775,164.734,71.838
74,0.523,0.37,-0.421,21.79,154.846,68.848
75,0.522,0.409,-0.34,25.024,146.79,66.101
76,0.504,0.446,-0.251,27.039,142.456,63.049
77,0.5,0.476,-0.16,23.254,141.113,59.631
78,0.508,0.5,-0.122,20.081,147.095,56.03
79,0.504,0.505,-0.171,17.029,157.959,51.88
80,0.501,0.495,-0.272,13.794,169.067,47.546
81,0.498,0.473,-0.392,13.367,178.711,43.457
82,0.488,0.43,-0.516,14.221,184.937,39.856
83,0.461,0.38,-0.634,16.357,187.805,36.865
84,0.451,0.351,-0.737,17.456,187.073,35.645
85,0.446,0.345,-0.828,16.724,184.204,35.828
86,0.444,0.396,-0.889,15.137,178.284,36.438
87,0.466,0.478,-0.91,11.414,169.617,35.889
88,0.481,0.547,-0.906,8.789,161.804,32.776
89,0.476,0.569,-0.875,7.629,155.151,27.283
90,0.463,0.577,-0.813,8.423,151.367,21.301
91,0.466,0.573,-0.76,10.01,150.757,15.625
92,0.457,0.559,-0.753,9.583,153.32,10.193
93,0.426,0.54,-0.812,8.606,157.166,5.371
94,0.408,0.509,-0.881,6.714,161.072,0.854
95,0.401,0.466,-0.983,7.996,166.016,-3.296
96,0.401,0.389,-1.072,10.559,166.321,-6.226
97,0.396,0.305,-1.158,14.404,163.513,-8.179
98,0.391,0.275,-1.227,18.066,159.119,-8.118
99,0.377,0.297,-1.29,20.569,153.259,-6.348
100,0.372,0.344,-1.365,21.851,146.973,-5.371
101,0.35,0.364,-1.422,19.043,137.939,-5.493
102,0.333,0.401,-1.435,14.526,126.465,-6.042
103,0.325,0.501,-1.384,10.254,113.647,-6.165
104,0.329,0.647,-1.267,6.836,101.807,-8.057
105,0.332,0.776,-1.125,4.272,93.689,-13.184
106,0.322,0.891,-0.998,2.319,90.027,-21.912
107,0.304,0.922,-0.942,0.671,91.125,-33.569
108,0.297,0.769,-0.958,-2.625,96.924,-47.729
109,0.266,0.513,-1.053,-2.625,103.943,-59.875
110,0.245,0.271,-1.205,-0.977,109.192,-66.284
111,0.238,0.077,-1.386,1.465,112.427,-66.711
112,0.246,-0.009,-1.551,3.601,109.07,-62.195
113,0.266,0.008,-1.683,2.197,100.159,-55.481
114,0.285,0.075,-1.761,-1.404,88.074,-49.744
115,0.304,0.091,-1.777,-7.751,73.486,-46.875
116,0.331,0.064,-1.731,-13.306,58.167,-45.715
117,0.353,0.02,-1.658,-16.418,45.166,-44.8
118,0.369,-0.024,-1.574,-17.456,34.424,-43.152
119,0.376,-0.06,-1.493,-16.479,26.062,-40.894

1,-0.26,-0.883,-1.911,-211.182,-36.194,-177.307
2,-0.259,-1.106,-1.857,-218.018,-58.594,-170.837
3,-0.232,-1.281,-1.713,-221.069,-81.97,-159.668
4,-0.205,-1.31,-1.539,-220.337,-101.074,-145.447
5,-0.177,-1.349,-1.457,-214.783,-113.586,-131.958
6,-0.18,-1.436,-1.387,-218.872,-123.291,-118.652
7,-0.198,-1.481,-1.338,-219.36,-131.409,-102.905
8,-0.225,-1.44,-1.275,-221.069,-141.418,-86.121
9,-0.234,-1.358,-1.189,-221.375,-152.893,-70.496
10,-0.247,-1.325,-1.066,-223.206,-163.818,-58.35
11,-0.241,-1.387,-0.907,-225.83,-172.729,-49.133
12,-0.214,-1.491,-0.735,-224.121,-178.345,-39.917
13,-0.191,-1.563,-0.579,-218.994,-179.687,-27.71
14,-0.173,-1.58,-0.467,-210.571,-177.673,-13
15,-0.154,-1.568,-0.413,-196.472,-172.668,1.587
16,-0.127,-1.52,-0.403,-190.735,-163.025,16.968
17,-0.112,-1.48,-0.432,-181.335,-154.785,30.579
18,-0.109,-1.477,-0.474,-168.457,-150.269,42.114
19,-0.124,-1.483,-0.492,-153.015,-149.78,52.979
20,-0.133,-1.458,-0.46,-134.705,-152.649,64.453
21,-0.156,-1.423,-0.363,-116.76,-157.654,75.684
22,-0.172,-1.373,-0.214,-98.267,-165.833,85.144
23,-0.153,-1.311,0.026,-74.829,-177.368,93.079
24,-0.109,-1.262,0.255,-57.495,-176.697,100.098
25,-0.079,-1.241,0.393,-54.138,-163.757,107.483
26,-0.054,-1.211,0.435,-50.232,-144.348,114.685
27,-0.037,-1.157,0.4,-49.866,-122.986,122.192
28,-0.016,-1.097,0.321,-48.157,-104.858,129.272
29,0.004,-1.036,0.229,-44.312,-91.919,134.888
30,0.026,-0.998,0.128,-40.405,-82.031,139.16
31,0.051,-1,0.039,-37.354,-76.477,142.212
32,0.066,-1.041,-0.035,-32.41,-74.707,144.897
33,0.057,-1.043,-0.086,-25.635,-75.928,149.597
34,0.048,-0.98,-0.089,-17.639,-80.505,156.128
35,0.051,-0.881,-0.037,-10.925,-86.487,162.17
36,0.051,-0.778,0.039,-5.066,-91.553,165.955
37,0.08,-0.682,0.148,-1.038,-97.29,167.908
38,0.124,-0.615,0.27,1.404,-99.609,167.725
39,0.16,-0.597,0.38,0.854,-95.947,165.955
40,0.176,-0.598,0.444,0.916,-86.67,164.124
41,0.198,-0.605,0.473,2.93,-75.134,162.842
42,0.215,-0.619,0.471,2.136,-63.11,162.415
43,0.219,-0.6,0.456,0.427,-51.758,163.208
44,0.237,-0.521,0.444,-2.258,-42.847,165.039
45,0.266,-0.426,0.437,-6.042,-34.79,165.771
46,0.296,-0.345,0.429,-8.85,-26.245,164.429
47,0.341,-0.295,0.404,-9.46,-16.602,161.072
48,0.376,-0.285,0.366,-7.996,-6.897,156.738
49,0.403,-0.303,0.321,-5.554,1.77,152.222
50,0.42,-0.325,0.272,-1.282,9.399,148.987
51,0.428,-0.337,0.244,3.601,14.709,147.339
52,0.428,-0.327,0.243,10.376,17.944,146.79
53,0.436,-0.289,0.262,18.494,20.874,147.339
54,0.441,-0.221,0.302,24.658,24.658,148.071
55,0.467,-0.148,0.347,28.32,30.09,148.132
56,0.497,-0.077,0.361,30.823,39.734,146.973
57,0.514,-0.032,0.329,32.166,52.49,143.982
58,0.522,-0.009,0.265,31.067,65.186,140.137
59,0.521,0.02,0.187,31.006,75.195,135.986
60,0.524,0.057,0.129,31.86,80.688,132.202
61,0.522,0.101,0.093,32.654,83.008,128.357
62,0.531,0.141,0.072,34.058,84.595,123.962
63,0.536,0.16,0.074,35.461,85.815,119.324
64,0.538,0.164,0.081,38.269,88.074,114.502
65,0.542,0.151,0.09,42.053,91.553,110.046
66,0.533,0.135,0.098,45.166,96.741,106.262
67,0.524,0.139,0.106,47.729,102.844,103.516
68,0.516,0.166,0.098,50.659,109.436,101.746
69,0.503,0.205,0.08,52.124,116.943,100.403
70,0.5,0.265,0.06,55.42,124.023,98.633
71,0.503,0.333,0.025,58.899,131.653,96.558
72,0.505,0.39,-0.039,57.556,140.747,93.323
73,0.497,0.437,-0.125,54.993,148.376,88.806
74,0.488,0.479,-0.214,53.589,153.809,83.13
75,0.49,0.484,-0.307,52.673,158.081,76.477
76,0.491,0.442,-0.412,51.819,161.56,69.153
77,0.494,0.36,-0.521,52.002,163.269,62.683
78,0.485,0.275,-0.619,53.772,162.842,58.289
79,0.482,0.22,-0.686,56.58,158.936,56.396
80,0.484,0.212,-0.721,58.289,153.442,56.824
81,0.492,0.25,-0.74,58.35,147.583,58.044
82,0.494,0.308,-0.754,56.335,142.944,58.472
83,0.487,0.359,-0.765,53.04,138.611,57.678
84,0.487,0.379,-0.765,48.462,133.789,55.054
85,0.472,0.377,-0.756,43.701,129.15,52.002
86,0.464,0.394,-0.731,39.856,124.939,50.354
87,0.455,0.445,-0.679,38.208,121.826,49.255
88,0.456,0.504,-0.626,37.17,121.033,47.729
89,0.455,0.6,-0.608,35.828,123.535,45.41
90,0.453,0.698,-0.637,35.461,128.296,41.077
91,0.451,0.765,-0.709,34.79,133.911,33.63
92,0.428,0.734,-0.818,33.936,142.212,23.376
93,0.416,0.615,-0.933,33.142,146.301,12.634
94,0.399,0.479,-1.042,31.433,145.142,4.822
95,0.379,0.37,-1.135,28.503,141.541,0.916
96,0.36,0.298,-1.187,25.085,133.118,0.183
97,0.354,0.25,-1.206,21.606,123.962,1.404
98,0.349,0.245,-1.187,19.897,114.868,4.089
99,0.351,0.307,-1.131,18.616,106.445,7.507
100,0.349,0.406,-1.065,17.944,100.159,10.132
101,0.332,0.494,-1.013,15.381,96.375,10.01
102,0.311,0.549,-0.975,12.939,94.543,7.507
103,0.284,0.579,-0.944,11.597,93.872,3.784
104,0.275,0.617,-0.909,11.414,93.811,-0.183
105,0.292,0.659,-0.871,11.658,95.032,-4.211
106,0.31,0.668,-0.869,11.963,98.389,-9.46
107,0.316,0.604,-0.933,11.475,104.431,-16.357
108,0.317,0.492,-1.059,10.193,111.572,-22.705
109,0.318,0.346,-1.245,8.972,119.568,-27.1
110,0.314,0.187,-1.497,7.629,124.634,-28.687
111,0.337,0.078,-1.696,4.883,115.54,-26.245
112,0.355,0.051,-1.862,3.296,103.943,-21.057
113,0.376,0.068,-1.955,0.854,87.646,-15.808
114,0.389,0.071,-1.969,-2.441,68.909,-12.207
115,0.397,0.076,-1.909,-5.188,50.232,-9.277
116,0.4,0.117,-1.789,-6.714,33.142,-6.165
117,0.4,0.193,-1.633,-7.141,19.47,-3.906
118,0.396,0.253,-1.48,-7.263,9.216,-2.991
119,0.382,0.272,-1.33,-7.202,2.197,-3.54

1,-0.13,-0.245,-2.395,-85.388,24.841,-146.79
2,-0.142,-0.117,-2.525,-80.688,1.099,-143.738
3,-0.167,0.008,-2.495,-84.045,-29.175,-145.02
4,-0.196,0.061,-2.345,-94.116,-60.364,-150.574
5,-0.222,-0.01,-2.153,-107.849,-87.891,-159.79
6,-0.219,-0.15,-1.958,-122.192,-111.45,-169.312
7,-0.272,-0.426,-1.805,-131.958,-130.066,-178.284
8,-0.269,-0.876,-1.661,-143.555,-143.494,-183.899
9,-0.237,-1.263,-1.51,-142.822,-154.358,-179.687
10,-0.203,-1.527,-1.332,-138.855,-161.743,-166.687
11,-0.185,-1.743,-1.262,-116.272,-164.062,-147.888
12,-0.141,-1.771,-1.179,-121.46,-164.917,-119.873
13,-0.099,-1.67,-1.135,-112.61,-164.734,-91.37
14,-0.074,-1.51,-1.13,-105.469,-164.124,-66.101
15,-0.042,-1.349,-1.156,-101.013,-165.222,-46.265
16,-0.035,-1.226,-1.192,-99.915,-167.847,-32.227
17,-0.024,-1.163,-1.198,-98.206,-173.584,-22.522
18,-0.03,-1.175,-1.155,-94.971,-181.885,-15.625
19,-0.038,-1.209,-1.063,-90.698,-191.223,-8.484
20,-0.047,-1.22,-0.938,-86.67,-200.256,-0.488
21,-0.037,-1.215,-0.781,-81.116,-207.458,8.728
22,-0.026,-1.208,-0.634,-73.853,-210.632,18.372
23,-0.017,-1.188,-0.514,-67.139,-210.815,27.893
24,0.008,-1.157,-0.424,-61.218,-208.801,37.292
25,0.022,-1.135,-0.373,-56.824,-202.637,46.021
26,0.038,-1.106,-0.354,-53.223,-196.228,54.26
27,0.042,-1.075,-0.342,-49.744,-191.04,62.378
28,0.052,-1.046,-0.323,-46.021,-187.927,70.007
29,0.061,-1.019,-0.284,-41.26,-186.89,76.965
30,0.07,-0.987,-0.21,-38.025,-187.317,83.984
31,0.089,-0.947,-0.117,-35.767,-187.256,90.332
32,0.115,-0.917,-0.02,-33.508,-185.059,95.947
33,0.117,-0.88,0.069,-33.081,-180.176,101.44
34,0.139,-0.828,0.146,-34.485,-172.668,106.873
35,0.166,-0.778,0.212,-37.537,-164.062,111.572
36,0.193,-0.735,0.25,-40.344,-153.015,115.601
37,0.213,-0.699,0.255,-43.762,-139.771,118.958
38,0.232,-0.668,0.235,-45.776,-128.052,121.521
39,0.252,-0.652,0.198,-46.936,-117.004,124.084
40,0.268,-0.668,0.16,-48.34,-108.459,126.404
41,0.272,-0.679,0.127,-48.95,-101.379,129.272
42,0.282,-0.674,0.12,-46.265,-96.619,133.118
43,0.287,-0.631,0.136,-42.847,-92.712,138.062
44,0.294,-0.559,0.169,-39.612,-89.966,143.311
45,0.295,-0.476,0.224,-35.217,-87.708,147.4
46,0.304,-0.38,0.302,-31.128,-84.9,149.963
47,0.322,-0.293,0.392,-28.076,-80.444,151.123
48,0.337,-0.218,0.492,-28.564,-73.059,151.062
49,0.358,-0.174,0.576,-27.588,-61.768,149.597
50,0.375,-0.156,0.649,-23.621,-47.241,147.034
51,0.394,-0.17,0.698,-20.752,-30.396,144.714
52,0.397,-0.167,0.703,-17.761,-10.193,143.555
53,0.387,-0.138,0.681,-14.343,9.338,143.738
54,0.385,-0.102,0.664,-12.634,25.33,143.738
55,0.378,-0.077,0.64,-11.414,40.344,143.005
56,0.375,-0.068,0.606,-10.681,55.176,142.029
57,0.373,-0.068,0.553,-9.705,70.74,141.357
58,0.359,-0.072,0.484,-4.578,86.975,142.029
59,0.349,-0.056,0.403,3.052,101.746,143.799
60,0.324,-0.019,0.32,12.39,114.868,146.423
61,0.306,0.059,0.258,22.156,124.268,150.024
62,0.289,0.173,0.205,27.1,132.141,153.381
63,0.273,0.308,0.161,29.053,139.954,155.396
64,0.264,0.443,0.11,27.771,146.79,154.785
65,0.277,0.577,0.022,22.4,155.64,151.733
66,0.279,0.7,-0.112,16.541,165.405,145.874
67,0.295,0.803,-0.26,10.559,172.18,137.451
68,0.322,0.832,-0.403,8.606,173.462,125.854
69,0.332,0.803,-0.509,10.254,170.715,113.647
70,0.345,0.725,-0.572,13.55,164.673,101.807
71,0.359,0.615,-0.587,17.517,157.288,92.102
72,0.362,0.51,-0.549,21.484,150.635,85.938
73,0.35,0.446,-0.496,25.635,147.827,83.496
74,0.332,0.439,-0.466,27.771,148.804,84.167
75,0.308,0.503,-0.464,28.748,152.588,86.365
76,0.297,0.638,-0.501,27.771,157.959,88.318
77,0.289,0.782,-0.577,23.437,165.466,87.891
78,0.285,0.887,-0.717,18.188,175.415,83.74
79,0.28,0.931,-0.879,12.268,179.749,76.111
80,0.286,0.922,-1.055,9.644,179.626,66.772
81,0.297,0.893,-1.172,9.521,170.471,57.556
82,0.307,0.877,-1.245,12.573,155.945,49.683
83,0.331,0.863,-1.21,18.188,139.282,42.542
84,0.351,0.821,-1.104,23.01,123.352,36.072
85,0.362,0.754,-0.983,24.414,114.258,29.663
86,0.351,0.682,-0.88,24.658,109.497,24.78
87,0.349,0.622,-0.829,22.583,108.948,21.484
88,0.335,0.592,-0.869,18.982,113.22,19.653
89,0.312,0.605,-0.959,13.611,117.188,18.86
90,0.301,0.663,-1.043,10.315,117.249,18.127
91,0.297,0.732,-1.094,6.836,114.929,16.296
92,0.306,0.797,-1.095,2.869,109.802,12.695
93,0.31,0.842,-1.087,0.488,104.858,7.324
94,0.311,0.836,-1.097,-1.648,101.746,0.366
95,0.308,0.777,-1.132,-3.113,99.854,-6.592
96,0.296,0.709,-1.18,-3.235,98.267,-12.512
97,0.287,0.664,-1.229,-2.808,95.337,-16.602
98,0.284,0.628,-1.26,-2.441,88.623,-19.47
99,0.281,0.604,-1.221,-2.869,79.407,-21.729
100,0.286,0.59,-1.126,-4.15,71.594,-23.499
101,0.298,0.585,-1.026,-5.005,67.139,-25.024
102,0.316,0.564,-0.972,-6.226,67.078,-26.978
103,0.332,0.518,-0.989,-6.287,70.679,-29.236
104,0.339,0.46,-1.069,-6.042,75.378,-31.25
105,0.339,0.427,-1.197,-5.371,78.491,-32.104
106,0.347,0.421,-1.313,-4.272,78.491,-32.104
107,0.355,0.403,-1.407,-4.089,75.5,-32.776
108,0.365,0.362,-1.472,-5.066,69.519,-33.997
109,0.37,0.319,-1.514,-5.859,62.134,-35.156
110,0.382,0.269,-1.521,-6.226,53.65,-35.767
111,0.387,0.197,-1.509,-6.47,45.715,-36.072
112,0.387,0.121,-1.493,-6.287,38.757,-35.4
113,0.39,0.069,-1.471,-6.348,31.738,-32.959
114,0.377,0.05,-1.437,-6.531,24.963,-28.992
115,0.371,0.068,-1.372,-6.226,17.639,-24.231
116,0.357,0.099,-1.277,-6.226,10.376,-19.958
117,0.349,0.144,-1.158,-5.798,4.761,-16.235
118,0.35,0.184,-1.038,-5.249,1.77,-13.794
119,0.348,0.2,-0.957,-4.211,2.991,-12.268
